model,noise,type,PSNR,MSE
admm_tv,gau10,original,29.4,0.0011456028450595925
admm_tv,gau10,denoised,31.5,0.000710719361557437
admm_tv,gau10,original,29.2,0.0012029138792772009
admm_tv,gau10,denoised,30.7,0.0008438813662790194
admm_tv,gau10,original,29.2,0.0012144367550941946
admm_tv,gau10,denoised,30.7,0.0008496758064521443
admm_tv,gau10,original,29.1,0.0012314886582083812
admm_tv,gau10,denoised,30.7,0.0008561551910904723
admm_tv,gau10,original,29.2,0.0011907139561707035
admm_tv,gau10,denoised,30.8,0.0008299332667336737
admm_tv,gau10,original,29.2,0.001203734332948866
admm_tv,gau10,denoised,30.8,0.0008323012717111133
admm_tv,gau10,original,29.3,0.0011759219530949635
admm_tv,gau10,denoised,30.9,0.0008096916209216689
admm_tv,gau10,original,29.3,0.00117878431372549
admm_tv,gau10,denoised,30.9,0.0008072174694319342
admm_tv,gau10,original,29.5,0.0011318273740868895
admm_tv,gau10,denoised,31.1,0.0007776577481797219
admm_tv,gau10,original,29.5,0.001122270280661284
admm_tv,gau10,denoised,31.2,0.0007546060486909603
admm_tv,gau10,original,29.7,0.0010802014609765473
admm_tv,gau10,denoised,31.4,0.0007228053820896638
admm_tv,gau10,original,29.3,0.0011741495578623602
admm_tv,gau10,denoised,31.3,0.0007435743380239528
admm_tv,gau10,original,29.7,0.001064042675893887
admm_tv,gau10,denoised,31.5,0.0007083014836465991
admm_tv,gau10,original,29.2,0.00119037908496732
admm_tv,gau10,denoised,31.1,0.0007714229812858576
admm_tv,gau10,original,29.2,0.0012057389465590154
admm_tv,gau10,denoised,31.0,0.0007938422975917989
admm_tv,gau10,original,29.1,0.0012314386774317568
admm_tv,gau10,denoised,30.8,0.0008273338745729651
admm_tv,gau10,original,29.1,0.0012214494425221067
admm_tv,gau10,denoised,30.8,0.0008270178630090534
admm_tv,gau10,original,29.1,0.0012290153787004993
admm_tv,gau10,denoised,30.8,0.0008341572389797897
admm_tv,gau10,original,29.1,0.0012416908881199538
admm_tv,gau10,denoised,30.8,0.0008321832587626119
admm_tv,gau10,original,29.1,0.0012182595155709342
admm_tv,gau10,denoised,30.8,0.0008395808280168474
admm_tv,gau10,original,29.1,0.0012423894655901574
admm_tv,gau10,denoised,30.9,0.0008103262681755975
admm_tv,gau10,original,29.0,0.001265106113033449
admm_tv,gau10,denoised,30.6,0.0008677855886996942
admm_tv,gau10,original,29.1,0.0012279723183391002
admm_tv,gau10,denoised,30.8,0.0008367267343144597
admm_tv,gau10,original,29.1,0.0012387773933102651
admm_tv,gau10,denoised,30.8,0.0008363295861892645
admm_tv,gau10,original,29.1,0.0012404083044982698
admm_tv,gau10,denoised,30.7,0.000856814773171509
admm_tv,gau10,original,29.0,0.0012518512110726646
admm_tv,gau10,denoised,30.7,0.0008544325600134088
admm_tv,gau10,original,29.2,0.0012065409457900807
admm_tv,gau10,denoised,30.8,0.0008367883416904269
admm_tv,gau10,original,29.2,0.001208872741253364
admm_tv,gau10,denoised,30.8,0.0008299798048347206
admm_tv,gau10,original,29.1,0.001228873510188389
admm_tv,gau10,denoised,30.8,0.0008316672609188977
admm_tv,gau10,original,29.3,0.0011829477124183005
admm_tv,gau10,denoised,31.0,0.0008003778746069871
admm_tv,gau10,original,29.4,0.0011524567474048442
admm_tv,gau10,denoised,31.1,0.0007757155277275756
admm_tv,gau10,original,29.1,0.0012392256824298347
admm_tv,gau10,denoised,30.9,0.0008067007141419563
admm_tv,gau10,original,29.4,0.0011443717800845828
admm_tv,gau10,denoised,31.2,0.0007539187088956764
admm_tv,gau10,original,29.1,0.0012304056132256822
admm_tv,gau10,denoised,31.1,0.0007809508614596682
admm_tv,gau10,original,29.1,0.0012327877739331027
admm_tv,gau10,denoised,31.1,0.0007720626859961375
admm_tv,gau10,original,29.1,0.0012395232602845062
admm_tv,gau10,denoised,31.0,0.0007857453535370656
admm_tv,gau10,original,29.0,0.0012527431757016533
admm_tv,gau10,denoised,30.8,0.0008227718323555564
admm_tv,gau10,original,29.0,0.001248303729334871
admm_tv,gau10,denoised,30.7,0.0008439030907695343
admm_tv,gau10,original,29.0,0.0012536743560169169
admm_tv,gau10,denoised,30.7,0.0008496327977552923
admm_tv,gau10,original,29.1,0.001243469434832757
admm_tv,gau10,denoised,30.7,0.0008577234856266321
admm_tv,gau10,original,29.3,0.0011622187620146096
admm_tv,gau10,denoised,31.4,0.0007181606674016777
admm_tv,gau10,original,29.1,0.001219673971549404
admm_tv,gau10,denoised,30.8,0.0008404202675878429
admm_tv,gau10,original,29.1,0.0012186347558631296
admm_tv,gau10,denoised,30.7,0.0008447449801170018
admm_tv,gau10,original,29.2,0.001206628219915417
admm_tv,gau10,denoised,30.8,0.0008371813567190581
admm_tv,gau10,original,29.2,0.0011997458669742408
admm_tv,gau10,denoised,30.8,0.0008337872344001517
admm_tv,gau10,original,29.2,0.0012160968858131484
admm_tv,gau10,denoised,30.8,0.000835821486058116
admm_tv,gau10,original,29.3,0.0011861641676278356
admm_tv,gau10,denoised,30.9,0.0008150385617534135
admm_tv,gau10,original,29.3,0.0011639442522106882
admm_tv,gau10,denoised,31.0,0.0007918966850178509
admm_tv,gau10,original,29.3,0.0011745724721261052
admm_tv,gau10,denoised,31.1,0.0007798497940004129
admm_tv,gau10,original,29.4,0.0011356739715494039
admm_tv,gau10,denoised,31.3,0.000742474961262223
admm_tv,gau10,original,29.5,0.0011175632449058053
admm_tv,gau10,denoised,31.4,0.000730737983323289
admm_tv,gau10,original,29.3,0.0011709227220299886
admm_tv,gau10,denoised,31.5,0.0007126563472619048
admm_tv,gau10,original,29.6,0.0010936270665128792
admm_tv,gau10,denoised,31.6,0.0006938708776441206
admm_tv,gau10,original,29.3,0.0011628296808919645
admm_tv,gau10,denoised,31.4,0.0007272277283708675
admm_tv,gau10,original,29.3,0.0011749511726259134
admm_tv,gau10,denoised,31.3,0.0007496630677299381
admm_tv,gau10,original,29.3,0.0011843433294886582
admm_tv,gau10,denoised,31.1,0.0007821234340139251
admm_tv,gau10,original,29.2,0.0012030661284121492
admm_tv,gau10,denoised,30.9,0.0008142852624640392
admm_tv,gau10,original,29.1,0.0012184521337946946
admm_tv,gau10,denoised,30.9,0.0008187250747158772
admm_tv,gau10,original,29.1,0.0012285732410611302
admm_tv,gau10,denoised,30.8,0.0008246015226090014
admm_tv,gau10,original,29.2,0.001210191849288735
admm_tv,gau10,denoised,30.8,0.0008288934576866691
admm_tv,gau10,original,29.3,0.0011835670895809305
admm_tv,gau10,denoised,31.1,0.0007785176871928776
admm_tv,gau10,original,28.9,0.0012864778931180312
admm_tv,gau10,denoised,30.5,0.0008815349302740053
admm_tv,gau10,original,28.9,0.0012875513264129182
admm_tv,gau10,denoised,30.5,0.0008967412077189588
admm_tv,gau10,original,28.9,0.0012977981545559398
admm_tv,gau10,denoised,30.4,0.0009137262939606953
admm_tv,gau10,original,28.9,0.0012887020376778162
admm_tv,gau10,denoised,30.4,0.00091417093605335
admm_tv,gau10,original,28.9,0.0012774621299500189
admm_tv,gau10,denoised,30.5,0.00090129754838849
admm_tv,gau10,original,29.0,0.001259843906189927
admm_tv,gau10,denoised,30.5,0.0008957043791786613
admm_tv,gau10,original,29.0,0.0012715520953479429
admm_tv,gau10,denoised,30.5,0.0008963594377591534
admm_tv,gau10,original,29.0,0.0012553241061130337
admm_tv,gau10,denoised,30.6,0.0008729561883310883
admm_tv,gau10,original,29.0,0.001265734332948866
admm_tv,gau10,denoised,30.7,0.0008555826848489628
admm_tv,gau10,original,29.1,0.0012236897347174165
admm_tv,gau10,denoised,30.8,0.0008323104749444923
admm_tv,gau10,original,29.2,0.0012025693963860053
admm_tv,gau10,denoised,31.0,0.0007913611332917456
admm_tv,gau10,original,29.2,0.0011934209919261822
admm_tv,gau10,denoised,31.0,0.0008016453589763256
admm_tv,gau10,original,29.1,0.0012181649365628606
admm_tv,gau10,denoised,31.0,0.0007966780562992161
admm_tv,gau10,original,29.1,0.0012350399846212995
admm_tv,gau10,denoised,30.9,0.0008037457105735929
admm_tv,gau10,original,29.1,0.0012435451749327182
admm_tv,gau10,denoised,30.9,0.000815999527120618
admm_tv,gau10,original,29.0,0.0012719900038446752
admm_tv,gau10,denoised,30.7,0.0008425293845205845
admm_tv,gau10,original,29.0,0.0012580953479430991
admm_tv,gau10,denoised,30.7,0.0008423760041678956
admm_tv,gau10,original,29.0,0.0012543440984236832
admm_tv,gau10,denoised,30.8,0.0008377117399518705
admm_tv,gau10,original,29.0,0.0012631564782775856
admm_tv,gau10,denoised,30.7,0.0008496621841053543
admm_tv,gau10,original,29.2,0.001213146866589773
admm_tv,gau10,denoised,31.2,0.0007552162751216878
admm_tv,gau10,original,29.0,0.0012685167243367936
admm_tv,gau10,denoised,30.5,0.0008904926732806375
admm_tv,gau10,original,29.0,0.0012676493656286045
admm_tv,gau10,denoised,30.5,0.0008978677501141906
admm_tv,gau10,original,29.0,0.0012635247981545561
admm_tv,gau10,denoised,30.5,0.0008865264313566028
admm_tv,gau10,original,29.0,0.0012469592464436755
admm_tv,gau10,denoised,30.6,0.0008742734205014429
admm_tv,gau10,original,29.1,0.0012398262206843524
admm_tv,gau10,denoised,30.6,0.000862418670758602
admm_tv,gau10,original,29.2,0.001204339484813533
admm_tv,gau10,denoised,30.8,0.0008319242510065577
admm_tv,gau10,original,29.3,0.0011826493656286042
admm_tv,gau10,denoised,31.0,0.0008034490022120772
admm_tv,gau10,original,29.3,0.0011685540176855054
admm_tv,gau10,denoised,31.1,0.0007830882248317479
admm_tv,gau10,original,29.4,0.0011614232987312571
admm_tv,gau10,denoised,31.1,0.0007680501025105332
admm_tv,gau10,original,29.5,0.0011163210303729335
admm_tv,gau10,denoised,31.3,0.0007422916327492594
admm_tv,gau10,original,29.2,0.0012030165321030373
admm_tv,gau10,denoised,31.2,0.000766651027345695
admm_tv,gau10,original,29.6,0.0010881983852364476
admm_tv,gau10,denoised,31.4,0.0007184069403028925
admm_tv,gau10,original,29.1,0.0012287500961168784
admm_tv,gau10,denoised,31.0,0.0007949328477023372
admm_tv,gau10,original,29.0,0.0012480149942329874
admm_tv,gau10,denoised,30.9,0.0008177871415205622
admm_tv,gau10,original,29.0,0.0012686774317570164
admm_tv,gau10,denoised,30.7,0.0008536512175577911
admm_tv,gau10,original,29.0,0.0012458931180315265
admm_tv,gau10,denoised,30.7,0.0008515926242477732
admm_tv,gau10,original,29.0,0.0012716874279123413
admm_tv,gau10,denoised,30.7,0.0008545338052408898
admm_tv,gau10,original,29.0,0.001270689350249904
admm_tv,gau10,denoised,30.6,0.0008676646107722991
admm_tv,gau10,original,28.9,0.0012858777393310267
admm_tv,gau10,denoised,30.5,0.0008998098152154502
admm_tv,gau50,original,15.7,0.02670192579777009
admm_tv,gau50,denoised,26.2,0.002421559166689801
admm_tv,gau50,original,15.6,0.027674153402537486
admm_tv,gau50,denoised,26.1,0.002448724072137566
admm_tv,gau50,original,15.6,0.027827143406382163
admm_tv,gau50,denoised,26.1,0.0024754492313378692
admm_tv,gau50,original,15.6,0.0276740276816609
admm_tv,gau50,denoised,26.1,0.0024654211856779155
admm_tv,gau50,original,15.6,0.02731302306805075
admm_tv,gau50,denoised,26.1,0.002457639842433647
admm_tv,gau50,original,15.7,0.027050769319492504
admm_tv,gau50,denoised,26.1,0.002440975208312484
admm_tv,gau50,original,15.7,0.02692788888888889
admm_tv,gau50,denoised,26.1,0.002427126988950539
admm_tv,gau50,original,15.7,0.026701264129181085
admm_tv,gau50,denoised,26.2,0.002402799001232803
admm_tv,gau50,original,15.8,0.026188327566320647
admm_tv,gau50,denoised,26.2,0.0023953615932898677
admm_tv,gau50,original,15.9,0.025449224144559787
admm_tv,gau50,denoised,26.2,0.0023946903641078685
admm_tv,gau50,original,16.1,0.024819249903883126
admm_tv,gau50,denoised,26.3,0.002348517289774944
admm_tv,gau50,original,15.7,0.026706849673202613
admm_tv,gau50,denoised,26.1,0.0024350189089795875
admm_tv,gau50,original,16.1,0.024559680891964628
admm_tv,gau50,denoised,26.3,0.00234798788356284
admm_tv,gau50,original,15.7,0.027127623606305263
admm_tv,gau50,denoised,26.1,0.002456995019028123
admm_tv,gau50,original,15.6,0.02735493156478277
admm_tv,gau50,denoised,26.1,0.0024521588702821825
admm_tv,gau50,original,15.6,0.0276208615916955
admm_tv,gau50,denoised,26.1,0.002477602818123989
admm_tv,gau50,original,15.5,0.028477977316416762
admm_tv,gau50,denoised,26.0,0.002502498048696197
admm_tv,gau50,original,15.5,0.02820060553633218
admm_tv,gau50,denoised,26.0,0.0025072083996137274
admm_tv,gau50,original,15.5,0.02822474663590926
admm_tv,gau50,denoised,26.0,0.0024995433672678315
admm_tv,gau50,original,15.5,0.02817501191849289
admm_tv,gau50,denoised,26.1,0.0024795978026477075
admm_tv,gau50,original,15.4,0.028706888504421376
admm_tv,gau50,denoised,26.0,0.0025254097063319198
admm_tv,gau50,original,15.4,0.028831690503652443
admm_tv,gau50,denoised,26.0,0.0025232923740251298
admm_tv,gau50,original,15.4,0.028971345636293732
admm_tv,gau50,denoised,26.0,0.002517457713805919
admm_tv,gau50,original,15.5,0.028477738177623987
admm_tv,gau50,denoised,26.0,0.0025261510170684963
admm_tv,gau50,original,15.4,0.02875632871972318
admm_tv,gau50,denoised,26.0,0.002515459914113617
admm_tv,gau50,original,15.5,0.028177963475586317
admm_tv,gau50,denoised,26.0,0.0025032484879277997
admm_tv,gau50,original,15.5,0.02811760707420223
admm_tv,gau50,denoised,26.0,0.00248597034532566
admm_tv,gau50,original,15.5,0.028172923875432524
admm_tv,gau50,denoised,26.0,0.002484654640454809
admm_tv,gau50,original,15.6,0.027397663975394084
admm_tv,gau50,denoised,26.1,0.002466159581417623
admm_tv,gau50,original,15.6,0.027683817377931567
admm_tv,gau50,denoised,26.0,0.002489316187614547
admm_tv,gau50,original,15.7,0.02708298885044214
admm_tv,gau50,denoised,26.1,0.002481336068570529
admm_tv,gau50,original,15.4,0.02856430988081507
admm_tv,gau50,denoised,26.0,0.0025129044023891396
admm_tv,gau50,original,15.8,0.026125834294502114
admm_tv,gau50,denoised,26.1,0.002440385981092997
admm_tv,gau50,original,15.5,0.02849681276432141
admm_tv,gau50,denoised,26.0,0.002507388507280718
admm_tv,gau50,original,15.6,0.027741141868512103
admm_tv,gau50,denoised,26.1,0.002477971370886375
admm_tv,gau50,original,15.5,0.028285582083813918
admm_tv,gau50,denoised,26.0,0.0024858376721262976
admm_tv,gau50,original,15.4,0.02866659169550173
admm_tv,gau50,denoised,26.0,0.002522068890295657
admm_tv,gau50,original,15.4,0.029152966166858908
admm_tv,gau50,denoised,26.0,0.002537450575642037
admm_tv,gau50,original,15.4,0.029028693194925032
admm_tv,gau50,denoised,26.0,0.002534676472067889
admm_tv,gau50,original,15.5,0.028404225682429837
admm_tv,gau50,denoised,26.0,0.002510858690044642
admm_tv,gau50,original,15.6,0.027538668589004237
admm_tv,gau50,denoised,26.1,0.0024314998350928713
admm_tv,gau50,original,15.6,0.02779907650903499
admm_tv,gau50,denoised,26.1,0.002458962548131805
admm_tv,gau50,original,15.5,0.028352659361783925
admm_tv,gau50,denoised,26.0,0.00249335299795889
admm_tv,gau50,original,15.6,0.027379207227989238
admm_tv,gau50,denoised,26.1,0.002482837430309972
admm_tv,gau50,original,15.6,0.027317728181468662
admm_tv,gau50,denoised,26.1,0.002444563689923564
admm_tv,gau50,original,15.6,0.027730761630142257
admm_tv,gau50,denoised,26.1,0.002482751337743168
admm_tv,gau50,original,15.6,0.02737625682429835
admm_tv,gau50,denoised,26.1,0.002435416532352711
admm_tv,gau50,original,15.7,0.026919384083044985
admm_tv,gau50,denoised,26.1,0.002432353370796792
admm_tv,gau50,original,15.8,0.02636280084582853
admm_tv,gau50,denoised,26.2,0.0024223489864591747
admm_tv,gau50,original,15.9,0.025962050749711654
admm_tv,gau50,denoised,26.2,0.0023902219300838863
admm_tv,gau50,original,16.0,0.025342761630142253
admm_tv,gau50,denoised,26.2,0.002386713305094497
admm_tv,gau50,original,15.6,0.02739610303729335
admm_tv,gau50,denoised,26.1,0.002445601073921989
admm_tv,gau50,original,16.2,0.024168043444828917
admm_tv,gau50,denoised,26.3,0.002350639641840425
admm_tv,gau50,original,15.7,0.02665847327950788
admm_tv,gau50,denoised,26.2,0.002424317591658266
admm_tv,gau50,original,15.7,0.02665385813148789
admm_tv,gau50,denoised,26.1,0.0024556742795894533
admm_tv,gau50,original,15.6,0.027251183391003464
admm_tv,gau50,denoised,26.1,0.0024479134385048057
admm_tv,gau50,original,15.5,0.027927747789311803
admm_tv,gau50,denoised,26.0,0.0024853122561877146
admm_tv,gau50,original,15.5,0.028267352556708963
admm_tv,gau50,denoised,26.0,0.0025120553340187497
admm_tv,gau50,original,15.5,0.02839716570549788
admm_tv,gau50,denoised,26.0,0.002500390210276959
admm_tv,gau50,original,15.5,0.028077945405613224
admm_tv,gau50,denoised,26.1,0.002470365404178554
admm_tv,gau50,original,15.6,0.0275477785467128
admm_tv,gau50,denoised,26.1,0.002466515082888737
admm_tv,gau50,original,15.3,0.029640251441753168
admm_tv,gau50,denoised,25.9,0.002570908343794897
admm_tv,gau50,original,15.3,0.029345886582083806
admm_tv,gau50,denoised,25.9,0.002557671854550002
admm_tv,gau50,original,15.3,0.02943050211457132
admm_tv,gau50,denoised,25.9,0.00254265224767245
admm_tv,gau50,original,15.3,0.029403163783160324
admm_tv,gau50,denoised,25.9,0.002557757544927932
admm_tv,gau50,original,15.4,0.028937871587850824
admm_tv,gau50,denoised,25.9,0.0025488578284889782
admm_tv,gau50,original,15.3,0.029254887735486356
admm_tv,gau50,denoised,25.9,0.0025687263146500533
admm_tv,gau50,original,15.4,0.028856148019992305
admm_tv,gau50,denoised,26.0,0.0025199019751447555
admm_tv,gau50,original,15.5,0.028491494809688583
admm_tv,gau50,denoised,26.0,0.002516248642916577
admm_tv,gau50,original,15.5,0.028249549404075355
admm_tv,gau50,denoised,26.0,0.00249389470175895
admm_tv,gau50,original,15.6,0.027650906574394462
admm_tv,gau50,denoised,26.1,0.0024808898745671336
admm_tv,gau50,original,15.7,0.02708065820838139
admm_tv,gau50,denoised,26.1,0.00244505087048936
admm_tv,gau50,original,15.7,0.02707259438677432
admm_tv,gau50,denoised,26.1,0.002444972987250737
admm_tv,gau50,original,15.6,0.027828019992310653
admm_tv,gau50,denoised,26.1,0.0024802581175518853
admm_tv,gau50,original,15.6,0.02740423721645521
admm_tv,gau50,denoised,26.0,0.0024874925456821466
admm_tv,gau50,original,15.5,0.02818236409073433
admm_tv,gau50,denoised,26.0,0.0025125680866367453
admm_tv,gau50,original,15.5,0.028292358708189164
admm_tv,gau50,denoised,26.0,0.00252287281302044
admm_tv,gau50,original,15.5,0.02786596770472895
admm_tv,gau50,denoised,26.0,0.002512361979425295
admm_tv,gau50,original,15.5,0.02789879969242599
admm_tv,gau50,denoised,26.0,0.002528595935876789
admm_tv,gau50,original,15.5,0.028456870049980768
admm_tv,gau50,denoised,26.0,0.002539299250676232
admm_tv,gau50,original,15.6,0.027506367550941945
admm_tv,gau50,denoised,26.1,0.0024539200418084565
admm_tv,gau50,original,15.4,0.028967520569011918
admm_tv,gau50,denoised,26.0,0.002536642624835815
admm_tv,gau50,original,15.3,0.029615968858131482
admm_tv,gau50,denoised,25.9,0.0025558089025132127
admm_tv,gau50,original,15.4,0.028967576316801233
admm_tv,gau50,denoised,25.9,0.0025551649647029048
admm_tv,gau50,original,15.4,0.028769515955401767
admm_tv,gau50,denoised,26.0,0.0025392668647123747
admm_tv,gau50,original,15.4,0.02879898885044213
admm_tv,gau50,denoised,26.0,0.0025406508013973623
admm_tv,gau50,original,15.5,0.02823670357554786
admm_tv,gau50,denoised,26.0,0.002515410334595592
admm_tv,gau50,original,15.6,0.027594480584390617
admm_tv,gau50,denoised,26.0,0.002495676677813673
admm_tv,gau50,original,15.7,0.027117944636678205
admm_tv,gau50,denoised,26.1,0.0024643897905220077
admm_tv,gau50,original,15.8,0.026502435217224143
admm_tv,gau50,denoised,26.1,0.0024280804353201987
admm_tv,gau50,original,15.9,0.025457434832756632
admm_tv,gau50,denoised,26.2,0.0023919698084600718
admm_tv,gau50,original,15.6,0.027516612072279897
admm_tv,gau50,denoised,26.1,0.002464627811442848
admm_tv,gau50,original,16.0,0.025072265667051136
admm_tv,gau50,denoised,26.2,0.002396768723475562
admm_tv,gau50,original,15.5,0.027872392541330258
admm_tv,gau50,denoised,26.0,0.0024875585287778557
admm_tv,gau50,original,15.4,0.02889727335640138
admm_tv,gau50,denoised,26.0,0.0025227452017052804
admm_tv,gau50,original,15.4,0.02865542560553633
admm_tv,gau50,denoised,26.0,0.0025318077561810193
admm_tv,gau50,original,15.3,0.0294697354863514
admm_tv,gau50,denoised,25.9,0.0025484407739943572
admm_tv,gau50,original,15.3,0.029551400230680508
admm_tv,gau50,denoised,25.9,0.002550834871636689
admm_tv,gau50,original,15.3,0.02947708035371012
admm_tv,gau50,denoised,25.9,0.002564250910439743
admm_tv,gau50,original,15.3,0.029793895809304118
admm_tv,gau50,denoised,25.9,0.002546940120529397
admm_tv,poi50,original,14.1,0.039113274509803925
admm_tv,poi50,denoised,14.1,0.039177292241208576
admm_tv,poi50,original,14.1,0.03859433679354095
admm_tv,poi50,denoised,14.1,0.038536818209663724
admm_tv,poi50,original,14.2,0.03842047789311803
admm_tv,poi50,denoised,14.2,0.038360182105616536
admm_tv,poi50,original,14.2,0.03827745251826221
admm_tv,poi50,denoised,14.2,0.038219043094528594
admm_tv,poi50,original,14.2,0.038231305651672425
admm_tv,poi50,denoised,14.2,0.03815836747912685
admm_tv,poi50,original,14.2,0.03821458362168397
admm_tv,poi50,denoised,14.2,0.03813349028188735
admm_tv,poi50,original,14.2,0.0382793198769704
admm_tv,poi50,denoised,14.2,0.038209176226192604
admm_tv,poi50,original,14.2,0.03807448019992311
admm_tv,poi50,denoised,14.2,0.03797317716678067
admm_tv,poi50,original,14.2,0.03807185620915032
admm_tv,poi50,denoised,14.2,0.03796674489477513
admm_tv,poi50,original,14.2,0.03824719761630142
admm_tv,poi50,denoised,14.2,0.03817831683352291
admm_tv,poi50,original,14.2,0.03821496347558631
admm_tv,poi50,denoised,14.2,0.038153002291766686
admm_tv,poi50,original,14.1,0.03910486120722799
admm_tv,poi50,denoised,14.1,0.03916266561182234
admm_tv,poi50,original,14.1,0.03846500999615532
admm_tv,poi50,denoised,14.2,0.0384312958132102
admm_tv,poi50,original,14.1,0.038965396001537866
admm_tv,poi50,denoised,14.1,0.039014501898572695
admm_tv,poi50,original,14.1,0.0387749661668589
admm_tv,poi50,denoised,14.1,0.03877684856346208
admm_tv,poi50,original,14.1,0.03880638946559015
admm_tv,poi50,denoised,14.1,0.03880509179301761
admm_tv,poi50,original,14.1,0.038838095732410614
admm_tv,poi50,denoised,14.1,0.0388316550814369
admm_tv,poi50,original,14.1,0.03875160553633218
admm_tv,poi50,denoised,14.1,0.038732517253602786
admm_tv,poi50,original,14.1,0.03854344559784698
admm_tv,poi50,denoised,14.1,0.03848970583759252
admm_tv,poi50,original,14.2,0.03841247597078047
admm_tv,poi50,denoised,14.2,0.038359192944649484
admm_tv,poi50,original,14.1,0.038599943867743174
admm_tv,poi50,denoised,14.1,0.03857813146265036
admm_tv,poi50,original,14.1,0.03856211572472125
admm_tv,poi50,denoised,14.1,0.03850322615908296
admm_tv,poi50,original,14.2,0.03823769281045752
admm_tv,poi50,denoised,14.2,0.038171710167176666
admm_tv,poi50,original,14.2,0.038180775086505185
admm_tv,poi50,denoised,14.2,0.038114580161871754
admm_tv,poi50,original,14.2,0.0382568000768935
admm_tv,poi50,denoised,14.2,0.038179463813964254
admm_tv,poi50,original,14.2,0.03829983467896963
admm_tv,poi50,denoised,14.2,0.03821304496026409
admm_tv,poi50,original,14.2,0.03830024259900039
admm_tv,poi50,denoised,14.2,0.038202394173210925
admm_tv,poi50,original,14.2,0.03833947481737793
admm_tv,poi50,denoised,14.2,0.03825677671313657
admm_tv,poi50,original,14.2,0.038312438677431754
admm_tv,poi50,denoised,14.2,0.038231456502411276
admm_tv,poi50,original,14.2,0.038200792003075745
admm_tv,poi50,denoised,14.2,0.03811279965292562
admm_tv,poi50,original,14.2,0.03814655555555555
admm_tv,poi50,denoised,14.2,0.03807649297272457
admm_tv,poi50,original,14.2,0.03843034602076125
admm_tv,poi50,denoised,14.2,0.03842994682211737
admm_tv,poi50,original,14.2,0.03771301384083045
admm_tv,poi50,denoised,14.2,0.03762077986043154
admm_tv,poi50,original,14.1,0.03885902268358324
admm_tv,poi50,denoised,14.1,0.03890236488684849
admm_tv,poi50,original,14.1,0.03897315417147251
admm_tv,poi50,denoised,14.1,0.03903049240914869
admm_tv,poi50,original,14.1,0.038597996155324873
admm_tv,poi50,denoised,14.1,0.03859457918109257
admm_tv,poi50,original,14.1,0.0386326678200692
admm_tv,poi50,denoised,14.1,0.03861590046590999
admm_tv,poi50,original,14.1,0.03856889696270665
admm_tv,poi50,denoised,14.1,0.03853956746371111
admm_tv,poi50,original,14.1,0.038478150326797377
admm_tv,poi50,denoised,14.2,0.038443841504412365
admm_tv,poi50,original,14.1,0.03854480815071126
admm_tv,poi50,denoised,14.1,0.038500635985709644
admm_tv,poi50,original,14.1,0.038865224144559785
admm_tv,poi50,denoised,14.1,0.03889217279269601
admm_tv,poi50,original,14.2,0.03800165936178392
admm_tv,poi50,denoised,14.2,0.03786526670569607
admm_tv,poi50,original,14.2,0.03786316878123799
admm_tv,poi50,denoised,14.2,0.03772800004095652
admm_tv,poi50,original,14.2,0.037588252979623225
admm_tv,poi50,denoised,14.3,0.03742592701443614
admm_tv,poi50,original,14.3,0.037459263360246055
admm_tv,poi50,denoised,14.3,0.03729306464675897
admm_tv,poi50,original,14.3,0.03740246405228758
admm_tv,poi50,denoised,14.3,0.037245327887020105
admm_tv,poi50,original,14.3,0.037338040753556324
admm_tv,poi50,denoised,14.3,0.03718201780556368
admm_tv,poi50,original,14.3,0.03724803306420608
admm_tv,poi50,denoised,14.3,0.03707551041792741
admm_tv,poi50,original,14.3,0.03751094809688582
admm_tv,poi50,denoised,14.3,0.03736256810306141
admm_tv,poi50,original,14.3,0.03745014417531719
admm_tv,poi50,denoised,14.3,0.03731061480495812
admm_tv,poi50,original,14.3,0.03727124144559785
admm_tv,poi50,denoised,14.3,0.037147157718687346
admm_tv,poi50,original,14.1,0.03846254402153018
admm_tv,poi50,denoised,14.2,0.038446809316697805
admm_tv,poi50,original,14.3,0.03748946020761246
admm_tv,poi50,denoised,14.3,0.03735427018566007
admm_tv,poi50,original,14.1,0.03878388158400615
admm_tv,poi50,denoised,14.1,0.038815361113914704
admm_tv,poi50,original,14.1,0.038807958093041134
admm_tv,poi50,denoised,14.1,0.038827195317346935
admm_tv,poi50,original,14.1,0.03885690618992695
admm_tv,poi50,denoised,14.1,0.03885613184468604
admm_tv,poi50,original,14.1,0.038633505959246445
admm_tv,poi50,denoised,14.1,0.03858415739255563
admm_tv,poi50,original,14.1,0.038507903498654364
admm_tv,poi50,denoised,14.1,0.03846088171508701
admm_tv,poi50,original,14.2,0.03837858669742407
admm_tv,poi50,denoised,14.2,0.03828836624774194
admm_tv,poi50,original,14.2,0.03810211457131873
admm_tv,poi50,denoised,14.2,0.037985865953581596
admm_tv,poi50,original,14.1,0.039007648596693575
admm_tv,poi50,denoised,14.1,0.03906075344360466
admm_tv,poi50,original,14.2,0.03843061361014994
admm_tv,poi50,denoised,14.2,0.038406687102634604
admm_tv,poi50,original,14.2,0.038154173010380626
admm_tv,poi50,denoised,14.2,0.03807946605437511
admm_tv,poi50,original,14.2,0.03824021030372933
admm_tv,poi50,denoised,14.2,0.03817143007784194
admm_tv,poi50,original,14.2,0.03809852556708958
admm_tv,poi50,denoised,14.2,0.03801967281238742
admm_tv,poi50,original,14.2,0.038114512110726646
admm_tv,poi50,denoised,14.2,0.03803420888591621
admm_tv,poi50,original,14.2,0.038113976931949255
admm_tv,poi50,denoised,14.2,0.0380229166368273
admm_tv,poi50,original,14.2,0.037958057670126874
admm_tv,poi50,denoised,14.2,0.03786219853269841
admm_tv,poi50,original,14.2,0.03794710995770857
admm_tv,poi50,denoised,14.2,0.03784015926656499
admm_tv,poi50,original,14.2,0.03789019569396386
admm_tv,poi50,denoised,14.2,0.0377694003271056
admm_tv,poi50,original,14.2,0.03769983929257977
admm_tv,poi50,denoised,14.3,0.03754352409827969
admm_tv,poi50,original,14.1,0.03885128181468666
admm_tv,poi50,denoised,14.1,0.03888479761629944
admm_tv,poi50,original,14.3,0.03751830795847751
admm_tv,poi50,denoised,14.3,0.0373637600128373
admm_tv,poi50,original,14.1,0.038762693194925035
admm_tv,poi50,denoised,14.1,0.03877832107022289
admm_tv,poi50,original,14.1,0.03894250711264899
admm_tv,poi50,denoised,14.1,0.0389769104316223
admm_tv,poi50,original,14.1,0.038663681276432146
admm_tv,poi50,denoised,14.1,0.03867519708797173
admm_tv,poi50,original,14.1,0.03847955247981546
admm_tv,poi50,denoised,14.2,0.03845641950371189
admm_tv,poi50,original,14.1,0.03890146981930027
admm_tv,poi50,denoised,14.1,0.03892681533022902
admm_tv,poi50,original,14.1,0.03919493079584776
admm_tv,poi50,denoised,14.1,0.03925878162897321
admm_tv,poi50,original,14.1,0.03931082276047674
admm_tv,poi50,denoised,14.0,0.03936723288306131
admm_tv,poi50,original,14.1,0.03885874432910419
admm_tv,poi50,denoised,14.1,0.03891671799813081
admm_tv,poi50,original,14.1,0.038720103037293355
admm_tv,poi50,denoised,14.1,0.0386911547533898
admm_tv,poi50,original,14.1,0.03875169242599
admm_tv,poi50,denoised,14.1,0.03874282283527269
admm_tv,poi50,original,14.1,0.038879788927335644
admm_tv,poi50,denoised,14.1,0.03887826267948976
admm_tv,poi50,original,14.1,0.03885112764321415
admm_tv,poi50,denoised,14.1,0.038848599971244666
admm_tv,poi50,original,14.1,0.03904432103037293
admm_tv,poi50,denoised,14.1,0.03904283456200618
admm_tv,poi50,original,14.1,0.03890333333333333
admm_tv,poi50,denoised,14.1,0.03888764914662709
admm_tv,poi50,original,14.1,0.038874503267973856
admm_tv,poi50,denoised,14.1,0.03885990042858875
admm_tv,poi50,original,14.1,0.03886847635524799
admm_tv,poi50,denoised,14.1,0.03886371075036331
admm_tv,poi50,original,14.2,0.03845218531334102
admm_tv,poi50,denoised,14.2,0.03839944697064287
admm_tv,poi50,original,14.1,0.03845964705882353
admm_tv,poi50,denoised,14.2,0.03841295270166829
admm_tv,poi50,original,14.1,0.03901374702037678
admm_tv,poi50,denoised,14.1,0.03908836290365535
admm_tv,poi50,original,14.1,0.03917882083813918
admm_tv,poi50,denoised,14.1,0.03918986851507379
admm_tv,poi50,original,14.1,0.03896367320261438
admm_tv,poi50,denoised,14.1,0.039000221476171194
admm_tv,poi50,original,14.1,0.03877912841214917
admm_tv,poi50,denoised,14.1,0.038800861019424045
admm_tv,poi50,original,14.1,0.03885156708958093
admm_tv,poi50,denoised,14.1,0.038850783474474994
admm_tv,poi50,original,14.1,0.03877136178392926
admm_tv,poi50,denoised,14.1,0.03874875821487507
admm_tv,poi50,original,14.1,0.03876359169550173
admm_tv,poi50,denoised,14.1,0.03872005035738364
admm_tv,poi50,original,14.1,0.03858488350634372
admm_tv,poi50,denoised,14.1,0.03853117432009102
admm_tv,poi50,original,14.1,0.03868985505574779
admm_tv,poi50,denoised,14.1,0.03865671157565655
admm_tv,poiimg,original,50.3,9.30065359477124e-06
admm_tv,poiimg,denoised,39.4,0.00011355427836408438
admm_tv,poiimg,original,50.0,1.0050749711649351e-05
admm_tv,poiimg,denoised,41.2,7.56471245386488e-05
admm_tv,poiimg,original,50.0,1.007304882737407e-05
admm_tv,poiimg,denoised,41.1,7.82604396037685e-05
admm_tv,poiimg,original,50.0,9.958093041138011e-06
admm_tv,poiimg,denoised,41.1,7.821773351621869e-05
admm_tv,poiimg,original,50.0,1.0002306805074959e-05
admm_tv,poiimg,denoised,41.2,7.585605986895794e-05
admm_tv,poiimg,original,50.0,1.0013840830449826e-05
admm_tv,poiimg,denoised,41.5,7.156588618158506e-05
admm_tv,poiimg,original,50.1,9.803921568627444e-06
admm_tv,poiimg,denoised,41.9,6.517260726850778e-05
admm_tv,poiimg,original,50.1,9.778546712802754e-06
admm_tv,poiimg,denoised,42.2,6.092802604676262e-05
admm_tv,poiimg,original,50.1,9.858131487889281e-06
admm_tv,poiimg,denoised,42.7,5.31426011366004e-05
admm_tv,poiimg,original,50.1,9.728950403690898e-06
admm_tv,poiimg,denoised,43.1,4.887643395425762e-05
admm_tv,poiimg,original,50.2,9.655517108804314e-06
admm_tv,poiimg,denoised,43.8,4.1670840091659844e-05
admm_tv,poiimg,original,50.4,9.077662437524026e-06
admm_tv,poiimg,denoised,39.6,0.0001106502334599658
admm_tv,poiimg,original,50.3,9.37062668204536e-06
admm_tv,poiimg,denoised,44.1,3.902208006042838e-05
admm_tv,poiimg,original,50.3,9.291426374471352e-06
admm_tv,poiimg,denoised,39.6,0.0001107013352933651
admm_tv,poiimg,original,50.1,9.80584390618992e-06
admm_tv,poiimg,denoised,39.8,0.00010490690502242708
admm_tv,poiimg,original,50.1,9.723952326028447e-06
admm_tv,poiimg,denoised,40.4,9.170744519024426e-05
admm_tv,poiimg,original,50.0,9.995770857362558e-06
admm_tv,poiimg,denoised,40.9,8.20924306601588e-05
admm_tv,poiimg,original,50.0,9.915417147251064e-06
admm_tv,poiimg,denoised,41.3,7.347328247377085e-05
admm_tv,poiimg,original,50.0,9.994617454825053e-06
admm_tv,poiimg,denoised,41.3,7.44239256777938e-05
admm_tv,poiimg,original,50.0,1.000768935024989e-05
admm_tv,poiimg,denoised,41.2,7.586053647253897e-05
admm_tv,poiimg,original,50.0,9.990003844675118e-06
admm_tv,poiimg,denoised,39.8,0.00010549391901608916
admm_tv,poiimg,original,50.0,1.0105728565936189e-05
admm_tv,poiimg,denoised,41.3,7.369740232980946e-05
admm_tv,poiimg,original,50.0,1.0072279892349106e-05
admm_tv,poiimg,denoised,41.5,7.084803795403774e-05
admm_tv,poiimg,original,49.9,1.0290272971933885e-05
admm_tv,poiimg,denoised,41.6,6.932916257771563e-05
admm_tv,poiimg,original,50.0,1.0107650903498665e-05
admm_tv,poiimg,denoised,41.5,7.107780252991715e-05
admm_tv,poiimg,original,49.9,1.0146482122260682e-05
admm_tv,poiimg,denoised,41.9,6.525905584732944e-05
admm_tv,poiimg,original,49.9,1.0163014225297971e-05
admm_tv,poiimg,denoised,42.1,6.186121497301023e-05
admm_tv,poiimg,original,49.9,1.0121491733948492e-05
admm_tv,poiimg,denoised,42.3,5.947718852671915e-05
admm_tv,poiimg,original,50.0,1.004998077662437e-05
admm_tv,poiimg,denoised,42.3,5.8231096840923415e-05
admm_tv,poiimg,original,50.0,1.0040369088811996e-05
admm_tv,poiimg,denoised,42.6,5.5197742724902285e-05
admm_tv,poiimg,original,50.0,9.993848519800085e-06
admm_tv,poiimg,denoised,42.8,5.2016195592455275e-05
admm_tv,poiimg,original,50.0,9.963860053825449e-06
admm_tv,poiimg,denoised,39.4,0.00011551644833581529
admm_tv,poiimg,original,50.0,1.004306036139946e-05
admm_tv,poiimg,denoised,43.4,4.567025233776265e-05
admm_tv,poiimg,original,50.2,9.537870049980782e-06
admm_tv,poiimg,denoised,39.5,0.00011112316595448397
admm_tv,poiimg,original,50.2,9.563629373317952e-06
admm_tv,poiimg,denoised,39.2,0.0001193481332005784
admm_tv,poiimg,original,50.0,9.93771626297578e-06
admm_tv,poiimg,denoised,39.5,0.00011325574315075815
admm_tv,poiimg,original,50.1,9.872741253364095e-06
admm_tv,poiimg,denoised,40.1,9.76719493164802e-05
admm_tv,poiimg,original,50.0,9.947712418300664e-06
admm_tv,poiimg,denoised,40.4,9.065006122550609e-05
admm_tv,poiimg,original,50.1,9.860438292964251e-06
admm_tv,poiimg,denoised,40.7,8.603693138856796e-05
admm_tv,poiimg,original,50.0,1.0024221453287205e-05
admm_tv,poiimg,denoised,40.8,8.355919544103496e-05
admm_tv,poiimg,original,50.2,9.603229527104958e-06
admm_tv,poiimg,denoised,39.3,0.00011635170320710444
admm_tv,poiimg,original,50.1,9.867743175701643e-06
admm_tv,poiimg,denoised,42.0,6.342426629156351e-05
admm_tv,poiimg,original,50.1,9.816608996539785e-06
admm_tv,poiimg,denoised,41.8,6.660312741544683e-05
admm_tv,poiimg,original,50.0,9.92887351018838e-06
admm_tv,poiimg,denoised,41.6,6.96322982625019e-05
admm_tv,poiimg,original,50.0,1.0066512879661656e-05
admm_tv,poiimg,denoised,41.6,6.904679927627741e-05
admm_tv,poiimg,original,50.0,9.941945405613221e-06
admm_tv,poiimg,denoised,41.7,6.730482147555651e-05
admm_tv,poiimg,original,50.1,9.86658977316416e-06
admm_tv,poiimg,denoised,41.6,6.980807501490055e-05
admm_tv,poiimg,original,50.1,9.850826605151856e-06
admm_tv,poiimg,denoised,41.8,6.577446447383961e-05
admm_tv,poiimg,original,50.1,9.80315263360245e-06
admm_tv,poiimg,denoised,42.1,6.099201718121569e-05
admm_tv,poiimg,original,50.1,9.79892349096501e-06
admm_tv,poiimg,denoised,42.6,5.494522804746233e-05
admm_tv,poiimg,original,50.0,9.915417147251057e-06
admm_tv,poiimg,denoised,42.8,5.22785196053298e-05
admm_tv,poiimg,original,50.1,9.661284121491736e-06
admm_tv,poiimg,denoised,39.2,0.00012125285825649996
admm_tv,poiimg,original,50.1,9.725105728565928e-06
admm_tv,poiimg,denoised,43.3,4.7199850026065825e-05
admm_tv,poiimg,original,50.3,9.38985005767013e-06
admm_tv,poiimg,denoised,39.5,0.0001121589380582374
admm_tv,poiimg,original,50.3,9.39792387543253e-06
admm_tv,poiimg,denoised,40.4,9.222252513146338e-05
admm_tv,poiimg,original,50.2,9.481737793156484e-06
admm_tv,poiimg,denoised,40.7,8.542986333454972e-05
admm_tv,poiimg,original,50.2,9.557477893118033e-06
admm_tv,poiimg,denoised,41.2,7.620445747196185e-05
admm_tv,poiimg,original,50.1,9.685890042291417e-06
admm_tv,poiimg,denoised,41.3,7.376434755111473e-05
admm_tv,poiimg,original,50.1,9.882352941176466e-06
admm_tv,poiimg,denoised,41.8,6.571281115402674e-05
admm_tv,poiimg,original,50.0,9.919261822376001e-06
admm_tv,poiimg,denoised,41.9,6.406986352260422e-05
admm_tv,poiimg,original,50.3,9.268358323721643e-06
admm_tv,poiimg,denoised,40.0,0.00010065459330121536
admm_tv,poiimg,original,50.0,1.0105344098423689e-05
admm_tv,poiimg,denoised,40.3,9.34175767723364e-05
admm_tv,poiimg,original,49.9,1.0213763936947337e-05
admm_tv,poiimg,denoised,40.8,8.233256154697358e-05
admm_tv,poiimg,original,49.9,1.021953094963476e-05
admm_tv,poiimg,denoised,41.3,7.45183473010272e-05
admm_tv,poiimg,original,49.9,1.012956555171089e-05
admm_tv,poiimg,denoised,41.6,6.888564076840791e-05
admm_tv,poiimg,original,49.9,1.0235678585159566e-05
admm_tv,poiimg,denoised,41.9,6.482928256821556e-05
admm_tv,poiimg,original,49.9,1.0272202998846607e-05
admm_tv,poiimg,denoised,42.1,6.186587441582494e-05
admm_tv,poiimg,original,50.0,1.0006535947712426e-05
admm_tv,poiimg,denoised,42.1,6.175404603459869e-05
admm_tv,poiimg,original,49.9,1.0189158016147625e-05
admm_tv,poiimg,denoised,42.4,5.782815015365523e-05
admm_tv,poiimg,original,50.0,1.0085736255286424e-05
admm_tv,poiimg,denoised,42.4,5.7890411002511663e-05
admm_tv,poiimg,original,50.0,1.0062668204536714e-05
admm_tv,poiimg,denoised,42.7,5.3134095645197874e-05
admm_tv,poiimg,original,50.2,9.597078046905034e-06
admm_tv,poiimg,denoised,39.6,0.00011071902599156267
admm_tv,poiimg,original,50.0,1.0031141868512107e-05
admm_tv,poiimg,denoised,43.3,4.66107858162894e-05
admm_tv,poiimg,original,50.2,9.642829680891966e-06
admm_tv,poiimg,denoised,39.6,0.00010983765754291772
admm_tv,poiimg,original,50.3,9.30680507497116e-06
admm_tv,poiimg,denoised,40.5,9.014478352705228e-05
admm_tv,poiimg,original,50.1,9.814302191464814e-06
admm_tv,poiimg,denoised,40.0,9.926282598062903e-05
admm_tv,poiimg,original,50.0,9.926182237600925e-06
admm_tv,poiimg,denoised,39.9,0.00010307018584268834
admm_tv,poiimg,original,50.1,9.717800845828533e-06
admm_tv,poiimg,denoised,39.9,0.00010130928121518866
admm_tv,poiimg,original,50.3,9.326028450595932e-06
admm_tv,poiimg,denoised,40.2,9.454221832647489e-05
admm_tv,poiimg,original,50.3,9.432141484044587e-06
admm_tv,poiimg,denoised,40.6,8.680352045788784e-05
admm_tv,poiimg,original,50.1,9.885044213763936e-06
admm_tv,poiimg,denoised,38.2,0.0001519557233708828
admm_tv,poiimg,original,50.0,1.0089580930411377e-05
admm_tv,poiimg,denoised,40.5,8.99824053222827e-05
admm_tv,poiimg,original,49.9,1.0173779315647839e-05
admm_tv,poiimg,denoised,40.4,9.152466466274693e-05
admm_tv,poiimg,original,49.9,1.0148404459823157e-05
admm_tv,poiimg,denoised,40.5,8.955321015023767e-05
admm_tv,poiimg,original,50.0,1.00569011918493e-05
admm_tv,poiimg,denoised,40.6,8.629637189906082e-05
admm_tv,poiimg,original,50.0,9.966166858900436e-06
admm_tv,poiimg,denoised,41.0,7.9973790905698e-05
admm_tv,poiimg,original,50.0,9.976547481737778e-06
admm_tv,poiimg,denoised,41.4,7.302375085520086e-05
admm_tv,poiimg,original,50.0,9.951557093425593e-06
admm_tv,poiimg,denoised,42.2,6.039916293783697e-05
admm_tv,poiimg,original,50.1,9.843137254901962e-06
admm_tv,poiimg,denoised,42.5,5.5806923323739135e-05
admm_tv,poiimg,original,50.0,9.9119569396386e-06
admm_tv,poiimg,denoised,42.6,5.52928580236867e-05
admm_tv,poiimg,original,50.1,9.743560169165703e-06
admm_tv,poiimg,denoised,43.2,4.75699995409229e-05
admm_tv,poiimg,original,50.3,9.413302575932337e-06
admm_tv,poiimg,denoised,38.8,0.00013256915337032897
admm_tv,poiimg,original,50.4,9.07689350249904e-06
admm_tv,poiimg,denoised,44.1,3.8533526849823925e-05
admm_tv,poiimg,original,50.2,9.569396386005377e-06
admm_tv,poiimg,denoised,38.9,0.00012954021231997254
admm_tv,poiimg,original,50.1,9.775086505190307e-06
admm_tv,poiimg,denoised,39.1,0.00012172869258017638
admm_tv,poiimg,original,50.0,9.973856209150337e-06
admm_tv,poiimg,denoised,40.0,0.00010062434331888308
admm_tv,poiimg,original,50.0,1.0060745866974249e-05
admm_tv,poiimg,denoised,40.6,8.622270358869185e-05
admm_tv,poiimg,original,50.0,1.0106497500961178e-05
admm_tv,poiimg,denoised,40.9,8.105607769195521e-05
admm_tv,poiimg,original,49.9,1.0144175317185694e-05
admm_tv,poiimg,denoised,40.8,8.31192556291113e-05
admm_tv,poiimg,original,49.9,1.0279123414071503e-05
admm_tv,poiimg,denoised,40.6,8.737610191434714e-05
