model,noise,type,PSNR,MSE
DnCNN,gau10,original,29.41588121,0.001143963
DnCNN,gau10,denoised,13.4684703,0.044993831
DnCNN,gau10,original,29.17459219,0.001209319
DnCNN,gau10,denoised,15.6906699,0.026973233
DnCNN,gau10,original,29.15793138,0.001213967
DnCNN,gau10,denoised,15.76776453,0.026498638
DnCNN,gau10,original,29.07945325,0.001236103
DnCNN,gau10,denoised,16.08676465,0.024622012
DnCNN,gau10,original,29.23043919,0.001193867
DnCNN,gau10,denoised,15.6393932,0.027293591
DnCNN,gau10,original,29.18635378,0.001206048
DnCNN,gau10,denoised,15.40964014,0.028776368
DnCNN,gau10,original,29.27197216,0.001182504
DnCNN,gau10,denoised,14.88298049,0.032486427
DnCNN,gau10,original,29.29382997,0.001176568
DnCNN,gau10,denoised,14.43802775,0.035991274
DnCNN,gau10,original,29.45609303,0.00113342
DnCNN,gau10,denoised,13.78651295,0.041816599
DnCNN,gau10,original,29.4897466,0.001124671
DnCNN,gau10,denoised,13.12827267,0.04866007
DnCNN,gau10,original,29.66903014,0.001079188
DnCNN,gau10,denoised,12.49666562,0.056277324
DnCNN,gau10,original,29.30491927,0.001173567
DnCNN,gau10,denoised,13.87912461,0.040934316
DnCNN,gau10,original,29.74683714,0.001060025
DnCNN,gau10,denoised,11.89033228,0.06470931
DnCNN,gau10,original,29.23838059,0.001191686
DnCNN,gau10,denoised,14.35412761,0.03669334
DnCNN,gau10,original,29.18256762,0.0012071
DnCNN,gau10,denoised,14.96279312,0.031894859
DnCNN,gau10,original,29.09464111,0.001231788
DnCNN,gau10,denoised,15.53306434,0.027970071
DnCNN,gau10,original,29.12586099,0.001222965
DnCNN,gau10,denoised,15.90196493,0.025692331
DnCNN,gau10,original,29.10589294,0.001228601
DnCNN,gau10,denoised,15.99696748,0.02513641
DnCNN,gau10,original,29.04913126,0.001244764
DnCNN,gau10,denoised,16.0002054,0.025117676
DnCNN,gau10,original,29.12446585,0.001223358
DnCNN,gau10,denoised,15.66077744,0.02715953
DnCNN,gau10,original,29.04357752,0.001246356
DnCNN,gau10,denoised,17.5161038,0.017716977
DnCNN,gau10,original,28.930146,0.001279338
DnCNN,gau10,denoised,17.29998085,0.018620953
DnCNN,gau10,original,29.08499924,0.001234526
DnCNN,gau10,denoised,16.93928865,0.020233506
DnCNN,gau10,original,29.04566936,0.001245756
DnCNN,gau10,denoised,17.00015667,0.019951903
DnCNN,gau10,original,29.03341868,0.001249275
DnCNN,gau10,denoised,16.56104045,0.022074758
DnCNN,gau10,original,29.00543875,0.00125735
DnCNN,gau10,denoised,16.52531744,0.022257084
DnCNN,gau10,original,29.1646874,0.00121208
DnCNN,gau10,denoised,15.78985413,0.026364199
DnCNN,gau10,original,29.14398925,0.00121787
DnCNN,gau10,denoised,15.44550732,0.028539691
DnCNN,gau10,original,29.08467732,0.001234617
DnCNN,gau10,denoised,15.19800214,0.030213413
DnCNN,gau10,original,29.25930099,0.00118596
DnCNN,gau10,denoised,15.10044504,0.030899788
DnCNN,gau10,original,29.37503318,0.001154773
DnCNN,gau10,denoised,14.3152028,0.037023692
DnCNN,gau10,original,29.05942001,0.001241818
DnCNN,gau10,denoised,17.39924179,0.018200186
DnCNN,gau10,original,29.39704668,0.001148935
DnCNN,gau10,denoised,13.90602497,0.040681551
DnCNN,gau10,original,29.08699452,0.001233958
DnCNN,gau10,denoised,17.09481244,0.01952175
DnCNN,gau10,original,29.04928291,0.00124472
DnCNN,gau10,denoised,17.27326395,0.018735859
DnCNN,gau10,original,29.05051594,0.001244367
DnCNN,gau10,denoised,17.63663573,0.017232029
DnCNN,gau10,original,29.00148577,0.001258495
DnCNN,gau10,denoised,17.60562041,0.017355533
DnCNN,gau10,original,29.02028417,0.001253059
DnCNN,gau10,denoised,17.1784397,0.019149438
DnCNN,gau10,original,28.98956005,0.001261955
DnCNN,gau10,denoised,17.32526401,0.018512864
DnCNN,gau10,original,29.03541056,0.001248702
DnCNN,gau10,denoised,17.20698081,0.019024004
DnCNN,gau10,original,29.34381949,0.001163103
DnCNN,gau10,denoised,13.30379928,0.046732614
DnCNN,gau10,original,29.11992616,0.001224637
DnCNN,gau10,denoised,13.92490637,0.040505068
DnCNN,gau10,original,29.13228151,0.001221158
DnCNN,gau10,denoised,13.86215187,0.041094605
DnCNN,gau10,original,29.17385099,0.001209525
DnCNN,gau10,denoised,13.74703841,0.042198417
DnCNN,gau10,original,29.20004152,0.001202253
DnCNN,gau10,denoised,13.57438423,0.043909812
DnCNN,gau10,original,29.14188116,0.001218462
DnCNN,gau10,denoised,13.54577189,0.044200055
DnCNN,gau10,original,29.24388514,0.001190177
DnCNN,gau10,denoised,13.38910302,0.045823652
DnCNN,gau10,original,29.32510995,0.001168124
DnCNN,gau10,denoised,13.0438015,0.049615783
DnCNN,gau10,original,29.30271755,0.001174163
DnCNN,gau10,denoised,12.7537887,0.053042151
DnCNN,gau10,original,29.44729278,0.001135719
DnCNN,gau10,denoised,12.32972269,0.058482743
DnCNN,gau10,original,29.52496673,0.001115587
DnCNN,gau10,denoised,11.99259923,0.063203347
DnCNN,gau10,original,29.29979041,0.001174954
DnCNN,gau10,denoised,13.16660001,0.048232525
DnCNN,gau10,original,29.62267845,0.001090767
DnCNN,gau10,denoised,11.61988153,0.068867108
DnCNN,gau10,original,29.34611416,0.001162488
DnCNN,gau10,denoised,13.01616321,0.049932542
DnCNN,gau10,original,29.27722534,0.001181075
DnCNN,gau10,denoised,13.08024606,0.049201166
DnCNN,gau10,original,29.26616855,0.001184086
DnCNN,gau10,denoised,13.41971602,0.045501781
DnCNN,gau10,original,29.19903468,0.001202532
DnCNN,gau10,denoised,13.62873084,0.043363758
DnCNN,gau10,original,29.14046165,0.00121886
DnCNN,gau10,denoised,13.78189777,0.04186106
DnCNN,gau10,original,29.08014231,0.001235907
DnCNN,gau10,denoised,13.87997874,0.040926266
DnCNN,gau10,original,29.16051261,0.001213246
DnCNN,gau10,denoised,13.80190283,0.041668678
DnCNN,gau10,original,29.25234014,0.001187862
DnCNN,gau10,denoised,15.06488809,0.031153812
DnCNN,gau10,original,28.88724963,0.001292037
DnCNN,gau10,denoised,18.8359838,0.013073793
DnCNN,gau10,original,28.88287476,0.001293339
DnCNN,gau10,denoised,19.53334813,0.011134358
DnCNN,gau10,original,28.83707821,0.00130705
DnCNN,gau10,denoised,19.05304125,0.012436434
DnCNN,gau10,original,28.88719668,0.001292053
DnCNN,gau10,denoised,18.666323,0.01359464
DnCNN,gau10,original,28.91122748,0.001284923
DnCNN,gau10,denoised,17.93293286,0.016095583
DnCNN,gau10,original,28.96008328,0.00127055
DnCNN,gau10,denoised,17.25593202,0.01881078
DnCNN,gau10,original,28.92522319,0.001280789
DnCNN,gau10,denoised,17.08077013,0.019584973
DnCNN,gau10,original,29.00106129,0.001258618
DnCNN,gau10,denoised,16.84985983,0.020654468
DnCNN,gau10,original,28.97016014,0.001267605
DnCNN,gau10,denoised,16.68631797,0.021447082
DnCNN,gau10,original,29.11835839,0.001225079
DnCNN,gau10,denoised,15.90643891,0.025665877
DnCNN,gau10,original,29.20157904,0.001201827
DnCNN,gau10,denoised,16.16815446,0.024164875
DnCNN,gau10,original,29.22728797,0.001194734
DnCNN,gau10,denoised,15.56489637,0.027765811
DnCNN,gau10,original,29.13213637,0.001221199
DnCNN,gau10,denoised,16.27224258,0.023592597
DnCNN,gau10,original,29.06658171,0.001239772
DnCNN,gau10,denoised,15.54298313,0.027906263
DnCNN,gau10,original,29.03064609,0.001250073
DnCNN,gau10,denoised,16.78570262,0.020961856
DnCNN,gau10,original,28.93945503,0.001276599
DnCNN,gau10,denoised,18.05277583,0.0156575
DnCNN,gau10,original,28.99482391,0.001260427
DnCNN,gau10,denoised,17.37274875,0.018311551
DnCNN,gau10,original,29.00126938,0.001258557
DnCNN,gau10,denoised,16.79661791,0.020909238
DnCNN,gau10,original,28.98145534,0.001264313
DnCNN,gau10,denoised,17.07408475,0.019615145
DnCNN,gau10,original,29.16639294,0.001211604
DnCNN,gau10,denoised,15.72256303,0.026775877
DnCNN,gau10,original,28.9383056,0.001276937
DnCNN,gau10,denoised,18.0371675,0.015713873
DnCNN,gau10,original,28.95842773,0.001271034
DnCNN,gau10,denoised,17.7756533,0.016689167
DnCNN,gau10,original,28.97778965,0.00126538
DnCNN,gau10,denoised,17.99577099,0.015864373
DnCNN,gau10,original,29.01808479,0.001253694
DnCNN,gau10,denoised,16.82761155,0.02076055
DnCNN,gau10,original,29.05845616,0.001242094
DnCNN,gau10,denoised,15.94945851,0.025412895
DnCNN,gau10,original,29.19339683,0.001204094
DnCNN,gau10,denoised,15.42140266,0.028698535
DnCNN,gau10,original,29.25643543,0.001186742
DnCNN,gau10,denoised,14.85896572,0.032666562
DnCNN,gau10,original,29.32517703,0.001168106
DnCNN,gau10,denoised,14.56650778,0.034942118
DnCNN,gau10,original,29.34888832,0.001161746
DnCNN,gau10,denoised,14.41449411,0.036186834
DnCNN,gau10,original,29.51891782,0.001117142
DnCNN,gau10,denoised,13.96550417,0.040128191
DnCNN,gau10,original,29.18205993,0.001207241
DnCNN,gau10,denoised,15.39740775,0.028857535
DnCNN,gau10,original,29.65068686,0.001083755
DnCNN,gau10,denoised,12.51754129,0.056007459
DnCNN,gau10,original,29.09838264,0.001230727
DnCNN,gau10,denoised,16.20894447,0.023938975
DnCNN,gau10,original,29.03295884,0.001249408
DnCNN,gau10,denoised,16.73285061,0.021218513
DnCNN,gau10,original,28.95034036,0.001273403
DnCNN,gau10,denoised,17.27849654,0.018713299
DnCNN,gau10,original,29.0308011,0.001250028
DnCNN,gau10,denoised,17.04163786,0.019762242
DnCNN,gau10,original,28.94913027,0.001273758
DnCNN,gau10,denoised,17.3254058,0.018512259
DnCNN,gau10,original,28.9273995,0.001280148
DnCNN,gau10,denoised,18.23026766,0.015030493
DnCNN,gau10,original,28.88738404,0.001291997
DnCNN,gau10,denoised,18.15852977,0.015280833
DnCNN,gau50,original,15.73786357,0.026681709
DnCNN,gau50,denoised,27.06339689,0.001966348
DnCNN,gau50,original,15.58098268,0.027663156
DnCNN,gau50,denoised,27.29458181,0.001864412
DnCNN,gau50,original,15.55872148,0.027805317
DnCNN,gau50,denoised,27.79578114,0.0016612
DnCNN,gau50,original,15.5829274,0.027650772
DnCNN,gau50,denoised,28.18713142,0.001518053
DnCNN,gau50,original,15.6399947,0.027289811
DnCNN,gau50,denoised,28.51837991,0.001406572
DnCNN,gau50,original,15.68125858,0.027031749
DnCNN,gau50,denoised,28.41364235,0.001440906
DnCNN,gau50,original,15.69945466,0.026918728
DnCNN,gau50,denoised,28.32466612,0.001470731
DnCNN,gau50,original,15.73956309,0.02667127
DnCNN,gau50,denoised,28.41548681,0.001440295
DnCNN,gau50,original,15.82252681,0.026166601
DnCNN,gau50,denoised,28.22953984,0.001503301
DnCNN,gau50,original,15.94724872,0.025425829
DnCNN,gau50,denoised,28.70276036,0.001348106
DnCNN,gau50,original,16.05744024,0.024788827
DnCNN,gau50,denoised,28.70309236,0.001348003
DnCNN,gau50,original,15.7371459,0.026686118
DnCNN,gau50,denoised,26.77570209,0.002101018
DnCNN,gau50,original,16.10471594,0.024520448
DnCNN,gau50,denoised,29.07629717,0.001237002
DnCNN,gau50,original,15.66592851,0.027127336
DnCNN,gau50,denoised,27.11670038,0.001942361
DnCNN,gau50,original,15.63274007,0.027335435
DnCNN,gau50,denoised,27.03676373,0.001978443
DnCNN,gau50,original,15.59229157,0.027591216
DnCNN,gau50,denoised,27.76569806,0.001672747
DnCNN,gau50,original,15.45714815,0.028463296
DnCNN,gau50,denoised,27.55155917,0.001757293
DnCNN,gau50,original,15.5021665,0.028169773
DnCNN,gau50,denoised,27.65292186,0.001716753
DnCNN,gau50,original,15.49618792,0.028208579
DnCNN,gau50,denoised,27.02067157,0.001985788
DnCNN,gau50,original,15.50389753,0.028158547
DnCNN,gau50,denoised,27.09942988,0.001950101
DnCNN,gau50,original,15.42218082,0.028693394
DnCNN,gau50,denoised,27.0110101,0.00199021
DnCNN,gau50,original,15.400787,0.028835089
DnCNN,gau50,denoised,28.38763154,0.001449562
DnCNN,gau50,original,15.38303834,0.028953173
DnCNN,gau50,denoised,28.51977858,0.001406119
DnCNN,gau50,original,15.45498717,0.028477462
DnCNN,gau50,denoised,28.37499167,0.001453787
DnCNN,gau50,original,15.41176217,0.028762311
DnCNN,gau50,denoised,28.17950159,0.001520722
DnCNN,gau50,original,15.50104715,0.028177035
DnCNN,gau50,denoised,28.60177266,0.001379821
DnCNN,gau50,original,15.51149509,0.02810933
DnCNN,gau50,denoised,28.84821105,0.001303704
DnCNN,gau50,original,15.49935075,0.028188043
DnCNN,gau50,denoised,28.83176844,0.001308649
DnCNN,gau50,original,15.62429898,0.027388617
DnCNN,gau50,denoised,29.19948885,0.001202406
DnCNN,gau50,original,15.5797586,0.027670954
DnCNN,gau50,denoised,28.95099451,0.001273211
DnCNN,gau50,original,15.67482654,0.027071813
DnCNN,gau50,denoised,28.8628169,0.001299327
DnCNN,gau50,original,15.44361002,0.028552162
DnCNN,gau50,denoised,26.80186054,0.002088401
DnCNN,gau50,original,15.83076141,0.026117034
DnCNN,gau50,denoised,28.53076148,0.001402568
DnCNN,gau50,original,15.45112894,0.028502772
DnCNN,gau50,denoised,26.77440813,0.002101644
DnCNN,gau50,original,15.56864339,0.027741865
DnCNN,gau50,denoised,26.2817173,0.002354118
DnCNN,gau50,original,15.48275278,0.028295979
DnCNN,gau50,denoised,26.89094385,0.002046
DnCNN,gau50,original,15.42698255,0.028661687
DnCNN,gau50,denoised,27.15855236,0.001923733
DnCNN,gau50,original,15.35507723,0.029140183
DnCNN,gau50,denoised,27.91223421,0.001617248
DnCNN,gau50,original,15.37160935,0.029029467
DnCNN,gau50,denoised,27.71780133,0.001691297
DnCNN,gau50,original,15.46791816,0.028392797
DnCNN,gau50,denoised,28.24509145,0.001497928
DnCNN,gau50,original,15.60416824,0.027515865
DnCNN,gau50,denoised,26.56568131,0.002205118
DnCNN,gau50,original,15.56320564,0.027776622
DnCNN,gau50,denoised,27.95570797,0.00160114
DnCNN,gau50,original,15.47770082,0.028328914
DnCNN,gau50,denoised,27.89108991,0.001625141
DnCNN,gau50,original,15.62854866,0.02736183
DnCNN,gau50,denoised,27.74710454,0.001679924
DnCNN,gau50,original,15.63972567,0.027291502
DnCNN,gau50,denoised,27.6557766,0.001715625
DnCNN,gau50,original,15.57264496,0.027716316
DnCNN,gau50,denoised,27.48382274,0.001784916
DnCNN,gau50,original,15.62862604,0.027361342
DnCNN,gau50,denoised,27.33452436,0.001847343
DnCNN,gau50,original,15.70291311,0.0268973
DnCNN,gau50,denoised,26.99538175,0.001997385
DnCNN,gau50,original,15.79543519,0.026330341
DnCNN,gau50,denoised,27.48266831,0.00178539
DnCNN,gau50,original,15.86297091,0.025924054
DnCNN,gau50,denoised,28.05110552,0.001566352
DnCNN,gau50,original,15.96771804,0.025306273
DnCNN,gau50,denoised,28.4385938,0.001432652
DnCNN,gau50,original,15.62616922,0.027376825
DnCNN,gau50,denoised,26.0063643,0.002508208
DnCNN,gau50,original,16.17467299,0.024128632
DnCNN,gau50,denoised,28.27759006,0.00148676
DnCNN,gau50,original,15.74521724,0.026636569
DnCNN,gau50,denoised,26.14541846,0.002429171
DnCNN,gau50,original,15.74365702,0.02664614
DnCNN,gau50,denoised,26.37017552,0.002306654
DnCNN,gau50,original,15.65111902,0.027219999
DnCNN,gau50,denoised,26.66057792,0.002157457
DnCNN,gau50,original,15.5463114,0.027884885
DnCNN,gau50,denoised,27.23705772,0.001889271
DnCNN,gau50,original,15.49227416,0.028234011
DnCNN,gau50,denoised,27.61316052,0.001732543
DnCNN,gau50,original,15.4704371,0.028376334
DnCNN,gau50,denoised,27.69866734,0.001698765
DnCNN,gau50,original,15.52094357,0.028048242
DnCNN,gau50,denoised,27.88786075,0.00162635
DnCNN,gau50,original,15.60118143,0.027534796
DnCNN,gau50,denoised,27.36224321,0.00183559
DnCNN,gau50,original,15.28214691,0.029633661
DnCNN,gau50,denoised,27.32392069,0.001851859
DnCNN,gau50,original,15.32541187,0.029339912
DnCNN,gau50,denoised,27.17090271,0.00191827
DnCNN,gau50,original,15.31269926,0.029425922
DnCNN,gau50,denoised,27.9543757,0.001601631
DnCNN,gau50,original,15.31891862,0.029383812
DnCNN,gau50,denoised,27.8246084,0.00165021
DnCNN,gau50,original,15.38739031,0.028924174
DnCNN,gau50,denoised,28.00549346,0.00158289
DnCNN,gau50,original,15.3379298,0.029255466
DnCNN,gau50,denoised,27.29075601,0.001866055
DnCNN,gau50,original,15.39713051,0.028859377
DnCNN,gau50,denoised,27.63707359,0.001723029
DnCNN,gau50,original,15.45484446,0.028478398
DnCNN,gau50,denoised,27.67030145,0.001709897
DnCNN,gau50,original,15.49440577,0.028220157
DnCNN,gau50,denoised,28.08964058,0.001552515
DnCNN,gau50,original,15.58608964,0.027630646
DnCNN,gau50,denoised,27.9379908,0.001607685
DnCNN,gau50,original,15.67708343,0.027057749
DnCNN,gau50,denoised,27.12888104,0.001936921
DnCNN,gau50,original,15.67738837,0.027055849
DnCNN,gau50,denoised,27.7327744,0.001685476
DnCNN,gau50,original,15.55830143,0.027808007
DnCNN,gau50,denoised,27.10567253,0.001947299
DnCNN,gau50,original,15.62435271,0.027388278
DnCNN,gau50,denoised,27.59815224,0.00173854
DnCNN,gau50,original,15.50241425,0.028168166
DnCNN,gau50,denoised,27.43955282,0.001803203
DnCNN,gau50,original,15.48575005,0.028276457
DnCNN,gau50,denoised,27.02511265,0.001983758
DnCNN,gau50,original,15.55136262,0.027852471
DnCNN,gau50,denoised,27.13096894,0.00193599
DnCNN,gau50,original,15.54529865,0.027891389
DnCNN,gau50,denoised,26.89885906,0.002042274
DnCNN,gau50,original,15.45937916,0.028448678
DnCNN,gau50,denoised,27.33798217,0.001845873
DnCNN,gau50,original,15.60874226,0.027486901
DnCNN,gau50,denoised,26.52600246,0.002225357
DnCNN,gau50,original,15.38182047,0.028961293
DnCNN,gau50,denoised,27.79757819,0.001660513
DnCNN,gau50,original,15.28766726,0.029596017
DnCNN,gau50,denoised,27.71566027,0.001692131
DnCNN,gau50,original,15.38385438,0.028947733
DnCNN,gau50,denoised,28.15757897,0.001528418
DnCNN,gau50,original,15.41211233,0.028759992
DnCNN,gau50,denoised,28.62582706,0.0013722
DnCNN,gau50,original,15.40906066,0.028780208
DnCNN,gau50,denoised,28.71996645,0.001342775
DnCNN,gau50,original,15.49527237,0.028214526
DnCNN,gau50,denoised,29.1026997,0.001229504
DnCNN,gau50,original,15.59491777,0.027574537
DnCNN,gau50,denoised,28.97286565,0.001266816
DnCNN,gau50,original,15.67304738,0.027082906
DnCNN,gau50,denoised,29.15911532,0.001213636
DnCNN,gau50,original,15.77110571,0.026478259
DnCNN,gau50,denoised,28.48569985,0.001417196
DnCNN,gau50,original,15.9456625,0.025435118
DnCNN,gau50,denoised,28.73784398,0.001337259
DnCNN,gau50,original,15.60476209,0.027512103
DnCNN,gau50,denoised,26.67605192,0.002149784
DnCNN,gau50,original,16.01594424,0.025026815
DnCNN,gau50,denoised,29.77713937,0.001052655
DnCNN,gau50,original,15.54915629,0.027866625
DnCNN,gau50,denoised,26.87802972,0.002052093
DnCNN,gau50,original,15.39434077,0.028877921
DnCNN,gau50,denoised,27.11056738,0.001945106
DnCNN,gau50,original,15.43011851,0.028640998
DnCNN,gau50,denoised,27.75866339,0.001675458
DnCNN,gau50,original,15.3090861,0.029450413
DnCNN,gau50,denoised,27.82314727,0.001650765
DnCNN,gau50,original,15.29658326,0.02953532
DnCNN,gau50,denoised,27.95543549,0.00160124
DnCNN,gau50,original,15.30480229,0.029479477
DnCNN,gau50,denoised,27.7388039,0.001683138
DnCNN,gau50,original,15.25965717,0.029787516
DnCNN,gau50,denoised,27.70847207,0.001694934
DnCNN,poi50,original,14.07723955,0.03910894
DnCNN,poi50,denoised,28.17019933,0.001523983
DnCNN,poi50,original,14.186668,0.03813583
DnCNN,poi50,denoised,27.76892218,0.001671505
DnCNN,poi50,original,14.15029408,0.038456574
DnCNN,poi50,denoised,27.63707841,0.001723027
DnCNN,poi50,original,14.20995816,0.037931864
DnCNN,poi50,denoised,27.65228584,0.001717004
DnCNN,poi50,original,14.20364085,0.03798708
DnCNN,poi50,denoised,27.69358943,0.001700752
DnCNN,poi50,original,14.2131576,0.03790393
DnCNN,poi50,denoised,27.49193239,0.001781586
DnCNN,poi50,original,14.23452037,0.03771794
DnCNN,poi50,denoised,27.58972775,0.001741916
DnCNN,poi50,original,14.19300574,0.038080218
DnCNN,poi50,denoised,27.00114137,0.001994738
DnCNN,poi50,original,14.222519,0.037822314
DnCNN,poi50,denoised,26.87017393,0.002055808
DnCNN,poi50,original,14.20934555,0.037937215
DnCNN,poi50,denoised,27.40528937,0.001817486
DnCNN,poi50,original,14.19132534,0.038094955
DnCNN,poi50,denoised,27.62480894,0.001727902
DnCNN,poi50,original,14.09401203,0.038958192
DnCNN,poi50,denoised,28.34885875,0.001462561
DnCNN,poi50,original,14.1557108,0.038408639
DnCNN,poi50,denoised,27.97289913,0.001594814
DnCNN,poi50,original,14.06394113,0.039228878
DnCNN,poi50,denoised,28.19599152,0.001514959
DnCNN,poi50,original,14.13462269,0.038595594
DnCNN,poi50,denoised,27.85312236,0.001639411
DnCNN,poi50,original,14.12173753,0.038710274
DnCNN,poi50,denoised,27.94922863,0.00160353
DnCNN,poi50,original,14.13508096,0.038591522
DnCNN,poi50,denoised,27.97950838,0.001592389
DnCNN,poi50,original,14.09981112,0.038906207
DnCNN,poi50,denoised,28.01664075,0.001578832
DnCNN,poi50,original,14.17451527,0.038242694
DnCNN,poi50,denoised,27.85354258,0.001639252
DnCNN,poi50,original,14.1879546,0.038124534
DnCNN,poi50,denoised,27.81556078,0.001653651
DnCNN,poi50,original,14.14166291,0.038533079
DnCNN,poi50,denoised,27.84736026,0.001641587
DnCNN,poi50,original,14.19040468,0.038103032
DnCNN,poi50,denoised,27.66860167,0.001710566
DnCNN,poi50,original,14.19078249,0.038099717
DnCNN,poi50,denoised,27.61703667,0.001730997
DnCNN,poi50,original,14.19996496,0.038019246
DnCNN,poi50,denoised,27.69505627,0.001700178
DnCNN,poi50,original,14.2072851,0.037955218
DnCNN,poi50,denoised,27.71844369,0.001691047
DnCNN,poi50,original,14.18211572,0.038175825
DnCNN,poi50,denoised,27.64314302,0.001720623
DnCNN,poi50,original,14.1814794,0.038181419
DnCNN,poi50,denoised,27.66322578,0.001712685
DnCNN,poi50,original,14.20987556,0.037932585
DnCNN,poi50,denoised,27.87212095,0.001632255
DnCNN,poi50,original,14.18550683,0.038146027
DnCNN,poi50,denoised,27.97389,0.00159445
DnCNN,poi50,original,14.18601464,0.038141567
DnCNN,poi50,denoised,28.00645662,0.001582539
DnCNN,poi50,original,14.19133016,0.038094913
DnCNN,poi50,denoised,28.10159607,0.001548248
DnCNN,poi50,original,14.15128938,0.038447762
DnCNN,poi50,denoised,27.78108003,0.001666833
DnCNN,poi50,original,14.24932203,0.037589608
DnCNN,poi50,denoised,27.89757508,0.001622716
DnCNN,poi50,original,14.08871543,0.039005734
DnCNN,poi50,denoised,27.97585437,0.001593729
DnCNN,poi50,original,14.14122728,0.038536944
DnCNN,poi50,denoised,28.11440033,0.00154369
DnCNN,poi50,original,14.12608112,0.038671577
DnCNN,poi50,denoised,27.7658888,0.001672673
DnCNN,poi50,original,14.15816392,0.03838695
DnCNN,poi50,denoised,27.84574194,0.001642199
DnCNN,poi50,original,14.1292412,0.038643449
DnCNN,poi50,denoised,27.86883417,0.00163349
DnCNN,poi50,original,14.17310704,0.038255096
DnCNN,poi50,denoised,27.96094182,0.001599211
DnCNN,poi50,original,14.15254797,0.038436621
DnCNN,poi50,denoised,27.74680262,0.00168004
DnCNN,poi50,original,14.12577755,0.038674281
DnCNN,poi50,denoised,28.03662837,0.001571582
DnCNN,poi50,original,14.26854001,0.037423638
DnCNN,poi50,denoised,27.15946107,0.00192333
DnCNN,poi50,original,14.21932777,0.037850117
DnCNN,poi50,denoised,27.18384961,0.00191256
DnCNN,poi50,original,14.26855724,0.037423489
DnCNN,poi50,denoised,27.0038006,0.001993517
DnCNN,poi50,original,14.27752137,0.037346324
DnCNN,poi50,denoised,26.90238243,0.002040618
DnCNN,poi50,original,14.30023411,0.03715152
DnCNN,poi50,denoised,27.15190841,0.001926678
DnCNN,poi50,original,14.31725714,0.037006182
DnCNN,poi50,denoised,27.25758311,0.001880363
DnCNN,poi50,original,14.33384321,0.036865122
DnCNN,poi50,denoised,27.04840604,0.001973147
DnCNN,poi50,original,14.26750667,0.037432543
DnCNN,poi50,denoised,27.42059665,0.001811091
DnCNN,poi50,original,14.30234972,0.037133427
DnCNN,poi50,denoised,27.39744075,0.001820774
DnCNN,poi50,original,14.31088137,0.03706055
DnCNN,poi50,denoised,27.42682054,0.001808498
DnCNN,poi50,original,14.19185793,0.038090284
DnCNN,poi50,denoised,27.81158901,0.001655164
DnCNN,poi50,original,14.27823511,0.037340187
DnCNN,poi50,denoised,27.34495955,0.00184291
DnCNN,poi50,original,14.07224219,0.039153968
DnCNN,poi50,denoised,27.84899292,0.00164097
DnCNN,poi50,original,14.14350392,0.038516748
DnCNN,poi50,denoised,28.05266865,0.001565789
DnCNN,poi50,original,14.12083721,0.0387183
DnCNN,poi50,denoised,27.96560557,0.001597495
DnCNN,poi50,original,14.1472857,0.038483222
DnCNN,poi50,denoised,27.66405274,0.001712359
DnCNN,poi50,original,14.17447438,0.038243054
DnCNN,poi50,denoised,27.70797396,0.001695128
DnCNN,poi50,original,14.21834123,0.037858716
DnCNN,poi50,denoised,27.53688422,0.001763241
DnCNN,poi50,original,14.21659745,0.03787392
DnCNN,poi50,denoised,27.27593211,0.001872435
DnCNN,poi50,original,14.12245566,0.038703874
DnCNN,poi50,denoised,28.42293526,0.001437826
DnCNN,poi50,original,14.19884289,0.038029071
DnCNN,poi50,denoised,28.1021593,0.001548047
DnCNN,poi50,original,14.20988184,0.037932531
DnCNN,poi50,denoised,27.60361979,0.001736353
DnCNN,poi50,original,14.21603852,0.037878794
DnCNN,poi50,denoised,27.63648687,0.001723262
DnCNN,poi50,original,14.18272896,0.038170435
DnCNN,poi50,denoised,27.47294885,0.00178939
DnCNN,poi50,original,14.22880733,0.03776759
DnCNN,poi50,denoised,27.39846668,0.001820343
DnCNN,poi50,original,14.25388346,0.037550148
DnCNN,poi50,denoised,27.31826005,0.001854274
DnCNN,poi50,original,14.25631433,0.037529136
DnCNN,poi50,denoised,27.42655304,0.001808609
DnCNN,poi50,original,14.21962302,0.037847544
DnCNN,poi50,denoised,27.31895627,0.001853977
DnCNN,poi50,original,14.2185218,0.037857142
DnCNN,poi50,denoised,27.45853672,0.001795338
DnCNN,poi50,original,14.2484779,0.037596915
DnCNN,poi50,denoised,27.17627493,0.001915899
DnCNN,poi50,original,14.10679017,0.038843735
DnCNN,poi50,denoised,28.11141324,0.001544752
DnCNN,poi50,original,14.27013018,0.037409937
DnCNN,poi50,denoised,27.2489783,0.001884092
DnCNN,poi50,original,14.13738799,0.038571027
DnCNN,poi50,denoised,28.01436267,0.00157966
DnCNN,poi50,original,14.13180425,0.03862065
DnCNN,poi50,denoised,28.38743843,0.001449627
DnCNN,poi50,original,14.1686907,0.038294017
DnCNN,poi50,denoised,28.04818737,0.001567405
DnCNN,poi50,original,14.17374018,0.038249519
DnCNN,poi50,denoised,27.88814295,0.001626244
DnCNN,poi50,original,14.11566193,0.038764466
DnCNN,poi50,denoised,28.27206571,0.001488653
DnCNN,poi50,original,14.08122236,0.039073091
DnCNN,poi50,denoised,27.82362655,0.001650583
DnCNN,poi50,original,14.05585056,0.039302026
DnCNN,poi50,denoised,27.61186504,0.00173306
DnCNN,poi50,original,14.06588932,0.039211284
DnCNN,poi50,denoised,27.91921243,0.001614651
DnCNN,poi50,original,14.16187604,0.038354153
DnCNN,poi50,denoised,28.31688242,0.00147337
DnCNN,poi50,original,14.13387482,0.038602241
DnCNN,poi50,denoised,28.41245822,0.001441299
DnCNN,poi50,original,14.09075426,0.038987427
DnCNN,poi50,denoised,28.34146269,0.001465054
DnCNN,poi50,original,14.15142461,0.038446565
DnCNN,poi50,denoised,28.44421797,0.001430798
DnCNN,poi50,original,14.10549091,0.038855358
DnCNN,poi50,denoised,28.36270971,0.001457904
DnCNN,poi50,original,14.09996231,0.038904852
DnCNN,poi50,denoised,28.34545388,0.001463709
DnCNN,poi50,original,14.14811786,0.038475849
DnCNN,poi50,denoised,28.42915867,0.001435768
DnCNN,poi50,original,14.13304902,0.038609582
DnCNN,poi50,denoised,28.33599133,0.001466901
DnCNN,poi50,original,14.17392995,0.038247848
DnCNN,poi50,denoised,27.66242142,0.001713002
DnCNN,poi50,original,14.15837254,0.038385106
DnCNN,poi50,denoised,27.76628439,0.001672521
DnCNN,poi50,original,14.1174516,0.038748495
DnCNN,poi50,denoised,28.30677777,0.001476802
DnCNN,poi50,original,14.06537057,0.039215968
DnCNN,poi50,denoised,28.41988287,0.001438837
DnCNN,poi50,original,14.05511437,0.039308689
DnCNN,poi50,denoised,28.10492596,0.001547061
DnCNN,poi50,original,14.1289798,0.038645775
DnCNN,poi50,denoised,27.87532855,0.00163105
DnCNN,poi50,original,14.13898985,0.038556803
DnCNN,poi50,denoised,28.10294669,0.001547766
DnCNN,poi50,original,14.14008379,0.038547092
DnCNN,poi50,denoised,27.99931659,0.001585143
DnCNN,poi50,original,14.12606542,0.038671717
DnCNN,poi50,denoised,27.9969937,0.001585991
DnCNN,poi50,original,14.19071879,0.038100276
DnCNN,poi50,denoised,28.16238521,0.001526727
DnCNN,poi50,original,14.16261379,0.038347638
DnCNN,poi50,denoised,28.16314146,0.001526461
DnCNN,poiimg,original,48.51101912,1.41E-05
DnCNN,poiimg,denoised,9.492396981,0.112398445
DnCNN,poiimg,original,46.51001619,2.23E-05
DnCNN,poiimg,denoised,11.9347816,0.064050399
DnCNN,poiimg,original,48.12754773,1.54E-05
DnCNN,poiimg,denoised,12.23397667,0.05978639
DnCNN,poiimg,original,47.01523841,1.99E-05
DnCNN,poiimg,denoised,12.21303122,0.060075429
DnCNN,poiimg,original,47.38794334,1.82E-05
DnCNN,poiimg,denoised,12.01396016,0.062893242
DnCNN,poiimg,original,47.15961951,1.92E-05
DnCNN,poiimg,denoised,11.78234646,0.066338455
DnCNN,poiimg,original,46.12359809,2.44E-05
DnCNN,poiimg,denoised,11.42235978,0.072071576
DnCNN,poiimg,original,48.28069527,1.49E-05
DnCNN,poiimg,denoised,11.0945081,0.077722935
DnCNN,poiimg,original,47.48584943,1.78E-05
DnCNN,poiimg,denoised,10.36380897,0.091964265
DnCNN,poiimg,original,47.31733062,1.85E-05
DnCNN,poiimg,denoised,10.03647686,0.099163607
DnCNN,poiimg,original,48.14156576,1.53E-05
DnCNN,poiimg,denoised,9.489244627,0.112480059
DnCNN,poiimg,original,48.20582065,1.51E-05
DnCNN,poiimg,denoised,9.773029565,0.105365163
DnCNN,poiimg,original,48.55712549,1.39E-05
DnCNN,poiimg,denoised,8.917862124,0.128296198
DnCNN,poiimg,original,49.09922515,1.23E-05
DnCNN,poiimg,denoised,10.2581028,0.094230115
DnCNN,poiimg,original,47.75643907,1.68E-05
DnCNN,poiimg,denoised,10.95093741,0.08033527
DnCNN,poiimg,original,47.97113192,1.60E-05
DnCNN,poiimg,denoised,11.39315911,0.072557797
DnCNN,poiimg,original,47.34551053,1.84E-05
DnCNN,poiimg,denoised,11.72940575,0.067152073
DnCNN,poiimg,original,48.3897184,1.45E-05
DnCNN,poiimg,denoised,11.99681823,0.063141977
DnCNN,poiimg,original,47.16761402,1.92E-05
DnCNN,poiimg,denoised,11.95809461,0.063707497
DnCNN,poiimg,original,47.14384748,1.93E-05
DnCNN,poiimg,denoised,11.95931852,0.063689545
DnCNN,poiimg,original,47.4765005,1.79E-05
DnCNN,poiimg,denoised,12.58737948,0.055114015
DnCNN,poiimg,original,46.02166887,2.50E-05
DnCNN,poiimg,denoised,12.28043888,0.059150186
DnCNN,poiimg,original,47.10175239,1.95E-05
DnCNN,poiimg,denoised,12.12948973,0.061242234
DnCNN,poiimg,original,46.95916839,2.01E-05
DnCNN,poiimg,denoised,12.22209708,0.059950152
DnCNN,poiimg,original,46.55495191,2.21E-05
DnCNN,poiimg,denoised,12.1383515,0.061117397
DnCNN,poiimg,original,47.125806,1.94E-05
DnCNN,poiimg,denoised,11.88558398,0.064780098
DnCNN,poiimg,original,47.22425609,1.89E-05
DnCNN,poiimg,denoised,11.45989148,0.071451418
DnCNN,poiimg,original,46.22461586,2.39E-05
DnCNN,poiimg,denoised,11.21901138,0.075526413
DnCNN,poiimg,original,47.13805567,1.93E-05
DnCNN,poiimg,denoised,11.12759944,0.07713297
DnCNN,poiimg,original,47.52543064,1.77E-05
DnCNN,poiimg,denoised,10.9580667,0.080203502
DnCNN,poiimg,original,47.57482272,1.75E-05
DnCNN,poiimg,denoised,10.58736472,0.087350124
DnCNN,poiimg,original,47.66633982,1.71E-05
DnCNN,poiimg,denoised,12.35150028,0.058190216
DnCNN,poiimg,original,47.26827346,1.88E-05
DnCNN,poiimg,denoised,10.25324885,0.094335491
DnCNN,poiimg,original,48.24309661,1.50E-05
DnCNN,poiimg,denoised,12.01572336,0.062867713
DnCNN,poiimg,original,46.41083482,2.29E-05
DnCNN,poiimg,denoised,12.24266181,0.059666947
DnCNN,poiimg,original,47.78552171,1.67E-05
DnCNN,poiimg,denoised,12.71888771,0.053470129
DnCNN,poiimg,original,46.99479577,2.00E-05
DnCNN,poiimg,denoised,12.71370212,0.053534012
DnCNN,poiimg,original,47.88481836,1.63E-05
DnCNN,poiimg,denoised,12.36954854,0.057948893
DnCNN,poiimg,original,47.10852548,1.95E-05
DnCNN,poiimg,denoised,12.46984795,0.056625911
DnCNN,poiimg,original,47.33428895,1.85E-05
DnCNN,poiimg,denoised,12.26664061,0.059338415
DnCNN,poiimg,original,47.56642433,1.75E-05
DnCNN,poiimg,denoised,9.303713355,0.117389341
DnCNN,poiimg,original,45.94498931,2.54E-05
DnCNN,poiimg,denoised,10.03964341,0.09909133
DnCNN,poiimg,original,47.88964302,1.63E-05
DnCNN,poiimg,denoised,10.14550721,0.096705078
DnCNN,poiimg,original,47.41511324,1.81E-05
DnCNN,poiimg,denoised,9.987996724,0.100276768
DnCNN,poiimg,original,47.56919031,1.75E-05
DnCNN,poiimg,denoised,9.898839142,0.102356655
DnCNN,poiimg,original,47.15111974,1.93E-05
DnCNN,poiimg,denoised,9.842261193,0.103698836
DnCNN,poiimg,original,46.84148263,2.07E-05
DnCNN,poiimg,denoised,9.693673602,0.107308133
DnCNN,poiimg,original,46.69004568,2.14E-05
DnCNN,poiimg,denoised,9.410093679,0.114548823
DnCNN,poiimg,original,47.82359236,1.65E-05
DnCNN,poiimg,denoised,9.054802022,0.12431393
DnCNN,poiimg,original,47.0408431,1.98E-05
DnCNN,poiimg,denoised,8.789047321,0.132158551
DnCNN,poiimg,original,47.43088699,1.81E-05
DnCNN,poiimg,denoised,8.510840719,0.140901601
DnCNN,poiimg,original,46.81261276,2.08E-05
DnCNN,poiimg,denoised,9.111778696,0.122693662
DnCNN,poiimg,original,47.77360519,1.67E-05
DnCNN,poiimg,denoised,8.195146545,0.151525367
DnCNN,poiimg,original,48.64801903,1.37E-05
DnCNN,poiimg,denoised,9.009628559,0.125613739
DnCNN,poiimg,original,47.34478567,1.84E-05
DnCNN,poiimg,denoised,9.052463725,0.124380881
DnCNN,poiimg,original,47.865471,1.63E-05
DnCNN,poiimg,denoised,9.416076387,0.114391133
DnCNN,poiimg,original,47.73458075,1.68E-05
DnCNN,poiimg,denoised,9.768301093,0.105479944
DnCNN,poiimg,original,47.29649425,1.86E-05
DnCNN,poiimg,denoised,9.876315563,0.102888881
DnCNN,poiimg,original,46.22993916,2.38E-05
DnCNN,poiimg,denoised,9.98713114,0.100296756
DnCNN,poiimg,original,47.22126103,1.90E-05
DnCNN,poiimg,denoised,9.97322635,0.10061839
DnCNN,poiimg,original,47.5142059,1.77E-05
DnCNN,poiimg,denoised,11.59017277,0.069339822
DnCNN,poiimg,original,46.57911405,2.20E-05
DnCNN,poiimg,denoised,16.37745949,0.023027885
DnCNN,poiimg,original,47.18338553,1.91E-05
DnCNN,poiimg,denoised,16.93331497,0.020261356
DnCNN,poiimg,original,46.73036107,2.12E-05
DnCNN,poiimg,denoised,16.19749499,0.02400217
DnCNN,poiimg,original,48.05471268,1.57E-05
DnCNN,poiimg,denoised,15.42146094,0.02869815
DnCNN,poiimg,original,46.78170501,2.10E-05
DnCNN,poiimg,denoised,14.93480571,0.032101064
DnCNN,poiimg,original,45.92031474,2.56E-05
DnCNN,poiimg,denoised,14.60861912,0.034604939
DnCNN,poiimg,original,46.56478233,2.21E-05
DnCNN,poiimg,denoised,14.62966053,0.034437685
DnCNN,poiimg,original,47.69727919,1.70E-05
DnCNN,poiimg,denoised,14.56700439,0.034938122
DnCNN,poiimg,original,48.00886628,1.58E-05
DnCNN,poiimg,denoised,14.10292826,0.038878292
DnCNN,poiimg,original,47.84559947,1.64E-05
DnCNN,poiimg,denoised,13.87161321,0.041005176
DnCNN,poiimg,original,48.42199086,1.44E-05
DnCNN,poiimg,denoised,12.74560732,0.053142168
DnCNN,poiimg,original,47.90177948,1.62E-05
DnCNN,poiimg,denoised,13.17522763,0.048136802
DnCNN,poiimg,original,47.77390526,1.67E-05
DnCNN,poiimg,denoised,13.41434533,0.045558086
DnCNN,poiimg,original,47.35412737,1.84E-05
DnCNN,poiimg,denoised,12.79216215,0.052575545
DnCNN,poiimg,original,46.94072063,2.02E-05
DnCNN,poiimg,denoised,13.72939075,0.04237024
DnCNN,poiimg,original,47.39912114,1.82E-05
DnCNN,poiimg,denoised,15.16029269,0.030476896
DnCNN,poiimg,original,47.84631126,1.64E-05
DnCNN,poiimg,denoised,15.14792911,0.030563782
DnCNN,poiimg,original,48.16240483,1.53E-05
DnCNN,poiimg,denoised,14.18457783,0.038154188
DnCNN,poiimg,original,48.47690514,1.42E-05
DnCNN,poiimg,denoised,14.12512001,0.038680137
DnCNN,poiimg,original,48.44247311,1.43E-05
DnCNN,poiimg,denoised,11.71605595,0.06735881
DnCNN,poiimg,original,46.77407191,2.10E-05
DnCNN,poiimg,denoised,14.53853496,0.035167906
DnCNN,poiimg,original,47.49765789,1.78E-05
DnCNN,poiimg,denoised,14.49307051,0.035537997
DnCNN,poiimg,original,48.16787657,1.52E-05
DnCNN,poiimg,denoised,14.36488114,0.036602596
DnCNN,poiimg,original,46.65875704,2.16E-05
DnCNN,poiimg,denoised,14.00934382,0.039725157
DnCNN,poiimg,original,47.54255923,1.76E-05
DnCNN,poiimg,denoised,13.16652331,0.048233377
DnCNN,poiimg,original,48.06250787,1.56E-05
DnCNN,poiimg,denoised,12.89988071,0.051287547
DnCNN,poiimg,original,46.80244572,2.09E-05
DnCNN,poiimg,denoised,12.38756818,0.057708951
DnCNN,poiimg,original,47.40766127,1.82E-05
DnCNN,poiimg,denoised,12.07117343,0.06207013
DnCNN,poiimg,original,47.65046641,1.72E-05
DnCNN,poiimg,denoised,12.21316548,0.060073571
DnCNN,poiimg,original,48.22641614,1.50E-05
DnCNN,poiimg,denoised,11.90291302,0.06452213
DnCNN,poiimg,original,47.50836915,1.77E-05
DnCNN,poiimg,denoised,11.40092101,0.072428234
DnCNN,poiimg,original,48.73224264,1.34E-05
DnCNN,poiimg,denoised,9.842377571,0.103696057
DnCNN,poiimg,original,48.905625,1.29E-05
DnCNN,poiimg,denoised,12.39874794,0.057560586
DnCNN,poiimg,original,47.74768252,1.68E-05
DnCNN,poiimg,denoised,12.80892064,0.052373058
DnCNN,poiimg,original,47.11024185,1.95E-05
DnCNN,poiimg,denoised,13.07080573,0.049308232
DnCNN,poiimg,original,47.25476395,1.88E-05
DnCNN,poiimg,denoised,13.27713367,0.047020434
DnCNN,poiimg,original,47.6157091,1.73E-05
DnCNN,poiimg,denoised,13.74658143,0.042202857
DnCNN,poiimg,original,46.26237011,2.36E-05
DnCNN,poiimg,denoised,14.31342065,0.037038888
DnCNN,poiimg,original,46.84027258,2.07E-05
DnCNN,poiimg,denoised,14.51357495,0.035370606